Id,CompanyName,Address,Address2,City,State,Zip,Phone,Fax,Email,Contact,SalesRepName,PriceList,Discount,PaymentTerms
200667,WM LIQUIDATION / 1536448 ONTARIO INC.,1565 BARTON STREET EAST,,HAMILTON,ON,L8H 2Y3,905-544-1555,905-544-1555,aa-hashmi@hotmail.com,ASIF HASHMI ,DUANE GIRARDIN,DISCOUNT20CAD,20,Post Dated Cheque 30 on receipt
300622,PETER & PAUL'S BASKETS & GIFTS,6260 HIGHWAY 7,UNIT 1 - 4,VAUGHAN,ON,L4H 4G3,905-326-4438,905-326-0670,Alexandra@bypnp.com,Alexandra,DUANE GIRARDIN,DISCOUNT20CAD,20,NET 30
300707,BIG DOLLAR STORE / 4130359 MANITOBA LTD.,439 MAIN STREET,,SELKIRK,MB,R1A 1V4,204-785-1591,204-785-2105,439main@gmail.com,JOHN / ROSALIE SHANTZ,DUANE GIRARDIN,DISCOUNT20CAD,20,NET 30
300719,AXEL KRAFT INTERNATIONAL LTD.,99 ENGELHARD DRIVE,,AURORA,ON,L4G 3V1,905-841-6840,905-841-6841,rcalmes@axelkraft.com,Ron Calmes,DUANE GIRARDIN,DISCOUNT24CAD,24,NET 30
301118,D.J. GIFT SHOP LTD.,7 AMERICAN ROAD,"HOPEDALE,",LABRADOR,NL,A0P 1G0,709-933-3670,709-933-3764,patty.dicker@djgrouplabrador.com,PATTY DICKER,DUANE GIRARDIN,DISCOUNT10CAD,10,CREDIT CARD
301409,CRAZY PETE'S TRADING POST,216 HAYES ROAD,,THOMPSON,MB,R8N 1M4,204-778-6819,204-778-6819,cp6774001@hotmail.com,PETER ZOWORONOK,DUANE GIRARDIN,DISCOUNT20CAD,20,Pre-Auth Card
301515,DOLLAR GUYS - BRAMPTON,AVINASH ENTERPRISES LTD,"8920 HIGHWAY 50, UNIT E5C",BRAMPTON,ON,L6P 3A3,905-913-0368,,ramakash@hotmail.com,MOHAN PERSAUD,DUANE GIRARDIN,DISCOUNT20CAD,20,Post Dated Cheque 30 on receipt
301847,CORNY'S VARIETY STORE,PO BOX 291,,FORT HOPE,ON,P0T 1L0,807-242-1316,807-242-1152,cornysvarietystore@yahoo.com,HARRIET HARRIET,DUANE GIRARDIN,NOGROUPCAD,0,ADVANCE PAYMENT
302021,YOUR $ STORE W/MORE 505 (RON),1484894 ONTARIO INC,60-6677 MEADOWVALE TOWN CENTRE CIRCLE,MISSISSAUGA,ON,L5N 2R5,905-567-5988,,ydswm505meadowvale@gmail.com,RON MANSON-HING,DUANE GIRARDIN,DISCOUNT20CAD,20,1% 10 NET 45
302152,RUSSELL FLOWERS CUT & DRIED,332 MAIN STREET,PO BOX 209,RUSSELL,MB,R0J 1W0,204-773-2228,204-773-3732,shorty@russellflowers.net,MADELAINE STONEHOUSE,DUANE GIRARDIN,NOGROUPCAD,0,Pre-Auth Card
302155,SUPER THRIFTY PHARMACY-VIRDEN,SUPER THRIFTY DRUGS CANADA LTD,"381 PARK AVENUE EAST, UNIT F",BRANDON,MB,R7A 7A5,204-728-1522,204-727-8680,virdenst@gmail.com,CINDY CINDY Myrna,DUANE GIRARDIN,NOGROUPCAD,0,NET 30
302293,NORTHWEST TRADING,327 HWY 17 WEST,,MCKERROW,ON,P0P 1M0,705-869-2345,705-869-3034,annemariepeacock@hotmail.com,ANNE-MARIE PEACOCK,DUANE GIRARDIN,NOGROUPCAD,0,Post Dated Cheque 30 on receipt
302704,MITCHELL'S DRUG STORE,GRAHAM MICHELL HOLDINGS,"125 MAIN STREET, BOX 100",ROBLIN,MB,R0L 1P0,204-937-4424,204-937-2578,mitchellsdrugstore@pharmachoice.ca,SEAN KEELER,DUANE GIRARDIN,NOGROUPCAD,0,NET 30
302856,HANCOCKS PRO HARDW,(HANCOCKS WOODWORK INC.),"25 MAIN STREET, BOX 59",FORTEAU,NL,A0K 2P0,709-931-2620,709-931-2146,hwoodwork@nf.aibn.com,KARLENE BARNEY,DUANE GIRARDIN,DISCOUNT10CAD,10,CREDIT CARD
303049,MILLION DOLLAR / 1446463 ONTARIO LTD.,1094 ST. CLAIR AVENUE WEST,,TORONTO,ON,M6E 1A7,416-654-4038,416-654-9693,million1224@yahoo.ca,MICHAEL SOLOMON,DUANE GIRARDIN,DISCOUNT20CAD,20,CREDIT CARD
303055,MITCHEL MIDTOWN GROCERY,248 HOWEY STREET,PO 412,RED LAKE,ON,P0V 2M0,807-727-2643,807-727-3099,whitney.rogowsky@gmail.com,Whitney,DUANE GIRARDIN,DISCOUNT10CAD,10,NET 30
303252,TEEKCA'S ABORIGINAL BOUTIQUE - WINNIPEG,1654 ST. MATTHEWS AVE,,WINNIPEG,MB,R3H 0X6,204-783-4542,,owner@teekcasboutique.com,MARILYN TANNER-SPENCE,DUANE GIRARDIN,DISCOUNT20CAD,20,NET 30
303301,DOLLAR SMART - TORONTO (PJ),2055833 ONTARIO LIMITED,3412 DUNDAS STREET WEST,TORONTO,ON,M6S 2S1,647-438-7884,647-438-7884,dollarsmartdundas@gmail.com,Andy,DUANE GIRARDIN,DISCOUNT24CAD,24,Post Dated Cheque 30 on receipt
303425,CROSS LAKE FAMILY FOODS,CROSS LAKE MERCHANT LTD,709 - 1200 SHERWIN ROAD,WINNIPEG,MB,R3H 0K9,204-697-0626,204-697-0209,phyllis_castel@hotmail.com,PHYLLIS CASTEL,DUANE GIRARDIN,DISCOUNT20CAD,20,NET 30
303426,LOW'S FAMILY FOODS,5507261 MANITOBA LTD.,709 - 1200 SHERWIN ROAD,WINNIPEG,MB,R3H 0K9,204-697-0626,204-697-0209,mg-saunders@hotmail.com,MILDRED SAUNDERS,DUANE GIRARDIN,DISCOUNT20CAD,20,NET 30
303508,FINDLAY'S DRUGSTORE LIMITED,"247 WHITEWOOD AVE,PO BOX 460",,NEW LISKEARD,ON,P0J 1P0,705-647-0094 x234,705-647-5454,annik@findlaysdrugstore.com,ANNIK PARENT,DUANE GIRARDIN,NOGROUPCAD,0,CREDIT CARD
303516,BUCK-A-ROO / 1692029 ONTARIO LIMITED,2703 JANE STREET,,DOWNSVIEW,ON,M3L 1S3,416-745-9349,416-745-2407,mkroshani@rogers.com,AHMED AHMED,DUANE GIRARDIN,DISCOUNT22CAD,22,Post Dated Cheque 30 on receipt
303716,ELLIOT LAKE TRADING POST,KLOVER BUILDING INC,14 OAKLAND BOULEVARD,ELLIOT LAKE,ON,P5A 2T1,705-848-8401,705-848-0901,eltradingpost@personainternet.com,KELLI PATRIE,DUANE GIRARDIN,NOGROUPCAD,0,Post Dated Cheque 30 on receipt
304049,CINDY'S THIS & THAT,39 FIFTH AVENUE,,HORNEPAYNE,ON,P0M 1Z0,807-868-1096,807-868-1096,ctnt@vianet.ca,CINDY MACKIE,DUANE GIRARDIN,DISCOUNT20CAD,20,Pre-Auth Card
304289,"TAP PHONG TRADING CO., INC.",360 SPADINA AVENUE,,TORONTO,ON,M5T 2G4,416-977-6364,416-971-8097,info@tapphongtrading.com,DEE/ DANNY TRAN,DUANE GIRARDIN,DISCOUNT20CAD,20,NET 30
304398,DOLLAR BLITZ #30 / 2112535 ONTARIO INC.,1030 KENNEDY CIRCLE,,MILTON,ON,L9T 0J9,905-876-4814,905-876-4714,3ra8i@live.ca,MUSTAFA ALI,DUANE GIRARDIN,DISCOUNT24CAD,24,Post Dated Cheque 30 on receipt
304420,99 CENTS DEPOT / AHAD CANADA INC.,#B-7,PO BOX 37037,MISSISSAUGA,ON,L5V 0B6,905-812-9199,905-812-9399,dollarpowerplus@gmail.com,Abdul QURESHI,DUANE GIRARDIN,DISCOUNT24CAD,24,Post Dated Cheque 30 on receipt
304432,FUN DOLLAR AND GIFT,1698319 ONTARIO INC,24 FRONT STREET,NIPIGON,ON,P0T 2J0,807-887-0006,NO FAX,acartw@shaw.ca,ANNE-MARIE CARTWRIGHT,DUANE GIRARDIN,DISCOUNT18CAD,18,Post Dated Cheque 30 on receipt
304560,SUPER THRIFTY PHARMACY-RIVERS,SUPER THRIFTY DRUGS CANADA LTD,"381 PARK AVENUE EAST, UNIT F",BRANDON,MB,R7A 7A5,204-728-1522,204-727-8680,jackie.howard@superthrifty.com,Jackie ,DUANE GIRARDIN,NOGROUPCAD,0,NET 30
304865,SHAWNA'S TREASURES,PO BOX 1037,,NORWAY HOUSE,MB,R0B 1B0,204-359-8984,204-359-8168,metismike8@hotmail.com,MIKE LAFRENIER,DUANE GIRARDIN,DISCOUNT20CAD,20,Pre-Auth Card
305037,BEST LOONIE'N TOONIE DEALS INC,"8917 THE GORE ROAD, UNIT 2 & 3",,BRAMPTON,ON,L6P 2L1,905-458-8703,905-458-1392,bltdcorp@gmail.com,PAWAN GUPTA,DUANE GIRARDIN,DISCOUNT20CAD,20,Post Dated Cheque 30 on receipt
305149,HOME ESSENTIALS OUTLET-COOKSTO,TANGER OUTLETS COOKSTOWN,"3311 COUNTY ROAD 89, UNIT D10",COOKSTOWN,ON,L0L 1L0,705-458-2270,705-458-2275,amsbauer@rogers.com,ANDY BAUER ,DUANE GIRARDIN,DISCOUNT20CAD,20,NET 30
305187,WABOOSE TOYS & CONVENIENCE,PO BOX 115,,FORT-HOPE,ON,P0T 1L0,807-242-1074,807-242-1346,ritarwaboose@yahoo.ca,RITA WABOOSE,DUANE GIRARDIN,NOGROUPCAD,0,ADVANCE PAYMENT
305892,HOME ESSENTIAL OUTLET INC-MIS,1672502 ONTARIO LIMITED,"3311 COUNTY ROAD 89, UNIT D10",COOKSTOWN,ON,L0L 1L0,905-271-6770,905-271-6925,amsbauer@rogers.com,ANDY BAUER,DUANE GIRARDIN,DISCOUNT20CAD,20,NET 30
306012,BUYWISE PLUS,2224649 ONTARIO INC,"1700 WILSON AVE, PO BOX 17",NORTH YORK,ON,M3L 1B4,416-244-4757,,buywiseplus@yahoo.com,Bobby,DUANE GIRARDIN,DISCOUNT24CAD,24,Post Dated Cheque 30 on receipt
306052,CANADIAN DOLLAR / ALISTAR INCORPORATED,5230 DUNDAS STREET WEST,,ETOBICOKE,ON,M9B 1A8,416-231-6406,,drew_ali15@hotmail.com,DRUPATI (DRU) PERSAUD,DUANE GIRARDIN,DISCOUNT20CAD,20,Post Dated Cheque 30 on receipt
306059,99 CENTS DEPOT - CREDITVIEW,7534914 CANADA INC,6085 CREDITVIEW ROAD,MISSISSAUGA,ON,L5V 2A8,905-813-9614,905-813-9614,nintyninecentsdepot@yahoo.com,GRACE,DUANE GIRARDIN,DISCOUNT24CAD,24,Post Dated Cheque 30 on receipt
306178,DOLLAR SMART - EGLINTON,2215489 ONTARIO LIMITED,898 EGLINTON AVENUE WEST,TORONTO,ON,M6C 2B6,416-789-2996,416-789-2996,dollarsmarteglinton@gmail.com,Manny,DUANE GIRARDIN,DISCOUNT24CAD,24,PD30-CQ.ADVANCE
306200,DOLLAR GALAXY / 2263914 ONTARIO INC.,"50 KENNEDY ROAD S, UNIT 6",,BRAMPTON,ON,L6W 3R7,905-796-1526,905-488-7598,ericlu2000@gmail.com,ERIC / ANNA LU,DUANE GIRARDIN,DISCOUNT20CAD,20,Pre-Auth Card
306218,ALLINSON'S DEPARTMENT STORE,212 KING STREET,,PORT COLBORNE,ON,L3K 3G7,905-401-8158,,allinson@cogeco.ca,CINDY ALLINSON,DUANE GIRARDIN,DISCOUNT20CAD,20,CREDIT CARD
306283,HALIBURTON FOODLAND #6447,1827486 ONTARIO INC.,188 HIGHLAND STREET,HALIBURTON,ON,K0M 1S0,705-457-2242,705-457-3468,brad.park@sobeys.com,BRAD PARK,DUANE GIRARDIN,DISCOUNT20CAD,20,NET 30
306412,WARDEN MART DOLLAR & SMOKE,2365 WARDEN AVENUE,,TORONTO,ON,M1T 1V7,416-492-5599,416-492-5599,invoice_to@ctgbrands.com,INVOICING_MAIL_TO3,DUANE GIRARDIN,DISCOUNT18CAD,18,PD30-CQ.ADVANCE
306415,1-STOP MARKET / HARSUKHJI INC.,"3078 MAYFIELD ROAD, UNIT 15-16",,BRAMPTON,ON,L6Z 0E3,905-840-2417,905-840-2417,harsukhji@hotmail.com,SATNAM SINGH,DUANE GIRARDIN,DISCOUNT18CAD,18,NET 30
306477,SUPER THRIFTY WAREHOUSE,SUPER THRIFTY DRUGS CANADA LTD,"381 PARK AVENUE EAST, UNIT F",BRANDON,MB,R7A 7A5,204-728-1522,204-727-8680,wanda.matskiw@superthrifty.com,WANDA MATSKIW,DUANE GIRARDIN,NOGROUPCAD,0,NET 30
306524,THJ DOLLAR BAZAAR,2967 DUNDAS STREET WEST,,TORONTO,ON,M6P 1Z2,416-604-0298,,torontodong@yahoo.ca,ZHAO (DAVID DONGOU,DUANE GIRARDIN,DISCOUNT20CAD,20,Post Dated Cheque 30 on receipt
306542,BAYSHORE VARIETY & VIDEO,9 JIIBIKK MIIKAN STREET,,CHRISTIAN ISLAND,ON,L9M 0A9,705-247-2020,705-247-2020,suesandy.bvv@gmail.com,MARY MARY,DUANE GIRARDIN,DISCOUNT20CAD,20,Pre-Auth Card
306563,95 CENT PLUS DISCOUNT,1670233 ONTARIO LTD,"2267 ISLINGTON AVENUE, UNIT 14",TORONTO,ON,M9W 5C8,416-744-0900,,mahin0710@yahoo.com,MOHAMMED AZAM,DUANE GIRARDIN,DISCOUNT20CAD,20,Pre-Auth Card
306576,WATERFORD FOODLAND #6340,792 OLD HWY 24,,WATERFORD,ON,N0E 1Y0,519-443-8609,519-443-4703,john.vandam@sobeys.com,JOHN VANDAM,DUANE GIRARDIN,DISCOUNT20CAD,20,NET 30
306586,PENETANG FOODLAND / CHRIS CHERRY LIMITED,"2 POYNTZ STREET, UNIT 110",,PENETANGUISTHENE,ON,L9M 1M2,705-549-3127,705-549-4756,chris.cherry@sobeys.com,CHRIS CHERRY,DUANE GIRARDIN,DISCOUNT20CAD,20,CREDIT CARD
306649,BEACH FOODLAND #6425,NKY BEACH SUPERMARKETS INC,2040 QUEEN STREET EAST,TORONTO,ON,M4L 1J4,416-694-3011,416-694-4986,nyk@rogers.com,NADIN NADIN,DUANE GIRARDIN,DISCOUNT20CAD,20,NET 30
306680,HOME HARDWARE - GRAVENHURST,I & T McNAUGHTON HOLDINGS,295 MUSKOKA ROAD NORTH P.O. BOX 580,GRAVENHURST,ON,P1P 1X2,705-687-3479,705-687-2167,debbie.roy@homehardware.ca,DEBBIE ROY,DUANE GIRARDIN,DISCOUNT15CAD,15,NET 30
306693,BATTAGLIA'S / BATTAGLIA FOOD MARKETS,1150 LORNE PARK ROAD,,MISSISSAUGA,ON,L5H 3A5,905 271 3994,905 271 3660,dom.derenzis@hotmail.com,Dom,DUANE GIRARDIN,NOGROUPCAD,0,NET 30
306722,WALLENSTEIN GENERAL STORE,WALLENSTEIN GENERAL STORE INC.,7278 LINE 86 BOX 35,WALLENSTEIN,ON,N0B 2S0,519-669-2231,516-669-5677,chelsebun@mwpol.ca,ELSIE,DUANE GIRARDIN,NOGROUPCAD,0,NET 30
306728,SR KITCHEN FOOD FAIR,"8707 DUFFERIN STREET, UNIT 17",,VAUGHAN,ON,L4J 0A2,905-763-2909,,chung7059@hanmail.net,JENNY,DUANE GIRARDIN,NOGROUPCAD,0,ADVANCE PAYMENT
306734,FIVE STAR ENTERPRISES OF CDN,"275 STEELCASE ROAD EAST, UNIT 1",,MARKHAM,ON,L3R 1G3,905-944-1080,,sales@fivestarenterprise.ca,Mohammed Somji,DUANE GIRARDIN,DISCOUNT20CAD,20,Pre-Auth Card
306745,THE BABY'S PALACE / 2082028 ONTARIO INC,2225 ERIN MILLS PKWY,,MISSISSAUGA,ON,L5K 1T9,905-823-3993,905-915-2041,rosiegeyal2009baby@hotmail.com,Rosie Geyal,DUANE GIRARDIN,NOGROUPCAD,0,Pre-Auth Card
306749,SUPER THRIFTY PHARMACY-RICHMD,SUPER THRIFTY DRUGS CANADA LTD,"381 PARK AVENUE EAST, UNIT F",BRANDON,MB,R7A 7A5,204-728-1522,204-727-8680,val.ferguson@superthrifty.com,Val Ferguson,DUANE GIRARDIN,NOGROUPCAD,0,NET 30
306750,SUPER THRIFTY PHARMACY-HAMIOTA,SUPER THRIFTY DRUGS CANADA LTD,"381 PARK AVENUE EAST, UNIT F",BRANDON,MB,R7A 7A5,204-728-1522,204-727-8680,hamiota@superthrifty.com,Cherie Barrault,DUANE GIRARDIN,NOGROUPCAD,0,NET 30
306751,SUPER THRIFTY PHARMACY-THE PAS,SUPER THRIFTY DRUGS CANADA LTD,"381 PARK AVENUE EAST, UNIT F",BRANDON,MB,R7A 7A5,204-728-1522,204-727-8680,thepas@superthifty.com,Shane Masters,DUANE GIRARDIN,NOGROUPCAD,0,NET 30
306752,SUPER THRIFTY PHARMACY-STE. ROSE,SUPER THRIFTY DRUGS CANADA LTD,"381 PARK AVENUE EAST, UNIT F",BRANDON,MB,R7A 7A5,204-728-1522,204-727-8680,sterose@superthrifty.com,Elaine,DUANE GIRARDIN,NOGROUPCAD,0,NET 30
306753,SUPER THRIFTY PHARMACY-DAUPHIN,SUPER THRIFTY DRUGS CANADA LTD,"381 PARK AVENUE EAST, UNIT F",BRANDON,MB,R7A 7A5,204-728-1522,204-727-8680,pearl.schulz@superthrifty.com,Pearl Schulz,DUANE GIRARDIN,NOGROUPCAD,0,NET 30
306754,SUPER THRIFTY PHARMACY-MORRIS,SUPER THRIFTY DRUGS CANADA LTD,"381 PARK AVENUE EAST, UNIT F",BRANDON,MB,R7A 7A5,204-728-1522,204-727-8680,patsy.goodwin@superthrifty.com,Patsy Goodwin,DUANE GIRARDIN,NOGROUPCAD,0,NET 30
306756,SUPER THRIFTY PHARMACY-SELKIRK,SUPER THRIFTY DRUGS CANADA LTD,"381 PARK AVENUE EAST, UNIT F",BRANDON,MB,R7A 7A5,204-728-1522,204-727-8680,mindy.polowy@superthrifty.com,Mindy Polowy,DUANE GIRARDIN,NOGROUPCAD,0,NET 30
306757,SUPER THRIFTY PHARMACY-MELITA,SUPER THRIFTY DRUGS CANADA LTD,"381 PARK AVENUE EAST, UNIT F",BRANDON,MB,R7A 7A5,204-728-1522,204-727-8680,vickie.mcmechan@superthrifty.com,Vickie McMechan,DUANE GIRARDIN,NOGROUPCAD,0,NET 30
306778,PHARMASAVE#921 SAV-ON DRUGMART,ARCHANGE MICHAEL PHARMACY LTD,880 BROWNSLINE,ETOBICOKE,ON,M8W 3V7,416-259-1175,416-259-1433,emank100@gmail.com,Emad Mankaruos,DUANE GIRARDIN,DISCOUNT10CAD,10,Pre-Auth Card
306830,DOLLAR MART / 1970233 ONTARIO LTD.,"1749 JANE STREET, UNIT  4",,TORONTO,ON,M9N 2S5,416-614-2557,416-614-3362,dollarmart13@gmail.com,KAMAL AHMED,DUANE GIRARDIN,DISCOUNT20CAD,20,Post Dated Cheque 30 on receipt
306852,V S SUPPLIERS,238 MARGARET STREET,PO BOX 324 (SHOP IS BEHIND THE HOUSE),HARRISTON,ON,N0G 1Z0,519-338-2311,855-483-2954,suppliersvs@gmail.com,KATHY STOLL,DUANE GIRARDIN,DISCOUNT18CAD,18,Post Dated Cheque 30 on receipt
306961,DOLLAR POWER PLUS-BRAMPTON,DOLLAR SAVER MART INC,10671 CHINGUACOUSY ROAD,BRAMPTON,ON,L7A 0N5,905-840-1101,,rupi143@hotmail.com,RUPINDER DHALIWAL,DUANE GIRARDIN,DISCOUNT24CAD,24,Post Dated Cheque 30 on receipt
306964,DOLLAR BAZAAR-STURGEON FALLS,2338477 ONTARIO INC,214 KING STREET,STURGEON FALLS,ON,P2B 1R7,705-358-9797,,buysmartdiscounts@gmail.com,Naveed,DUANE GIRARDIN,DISCOUNT20CAD,20,Post Dated Cheque 30 on receipt
306986,WESTMOUNT PLACE PHARMACY/WPP,BEECHWOOD PHARMACY LIMITED,50 WESTMOUNT ROAD N,WATERLOO,ON,N2L 2R5,519-886-7670,519-886-2556,jennifer@westmountplacepharmacy.com,JENNIFER JACOBI,DUANE GIRARDIN,NOGROUPCAD,0,NET 30
307184,HOME TEXTILE / BED & BATH WAREHOUSE INC,35 COVENTRY ROAD,,BRAMPTON,ON,L6T 4V7,905-792-1551,905-792-0776,lidio@hometextiles.ca,LIDIO GODINO,DUANE GIRARDIN,DISCOUNT24CAD,24,NET 30
307191,DOUBLE D CONVENIENCE,XIAOYING CHEN,101 DANFORTH AVENUE,TORONTO,ON,M4K 2R8,416-461-6439,416-461-6439,haidaohejz@gmail.com,Crystal,DUANE GIRARDIN,DISCOUNT20CAD,20,Pre-Auth Card
307239,DREAMS INDOOR PLAYLAND,EVERGREENN LEADERSHIP EDUCATIO,"2701 RUTHERFORD ROAD, BLDG B",CONCORD,ON,L4K 2N6,905-417-3962,,info@dreamsdc.ca,Simon,DUANE GIRARDIN,NOGROUPCAD,0,Pre-Auth Card
307336,LIQUIDATION NATION BARRIE,LIQUIDATION NATION INC,86 BROCK STREET,BARRIE,ON,L4N 5E4,705-726-9953,,graylynn4@gmail.com,LYNN,DUANE GIRARDIN,DISCOUNT20CAD,20,Post Dated Cheque 30 on receipt
307337,LIQUIDATION NATION ORILLIA,LIQUIDATION NATION INC,41 MISSISSAUGA STREET WEST,ORILLIA,ON,L3V 3A7,705-791-7381,,ryousof@gmail.com,RYAN YOUSOF - 7,DUANE GIRARDIN,DISCOUNT20CAD,20,Post Dated Cheque 30 on receipt
307366,DOLLAR POWER-WILSON,2392074 ONTARIO INC,1058 WILSON AVENUE,TORONTO,ON,M3K 1G6,416-636-8908,416-636-8908,gurcharan82@hotmail.com,GUREHARAN GILL - 2,DUANE GIRARDIN,DISCOUNT20CAD,20,Post Dated Cheque 30 on receipt
307399,SKAF'S BARGAIN ZONE,988421 ONTARIO INC,470 HODDER AVENUE,THUNDER BAY,ON,P7A 7X5,807-683-3930,807-683-5099,joseph@skafsjustbasics.com,JOSEPH (SON) SKAF,DUANE GIRARDIN,DISCOUNT15CAD,15,Post Dated Cheque 30 on receipt
307412,TRUCKER HAVEN / S.B.A. SAINI LIMITED,806607 OXFORD COUNTY ROAD 29,,DRUMBO,ON,N0J 1G0,519-463-5088,519-463-5628,squibs142@live.com,AMARIT SAINI,DUANE GIRARDIN,NOGROUPCAD,0,PENDING
307437,GORGEOUS GAMS,76 LOUDON CRESCENT,,THORNHILL,ON,L4J 8N4,416-948-4892,,aprilw.ggams@gmail.com,APRIL WOOLNER,DUANE GIRARDIN,DISCOUNT10CAD,10,CREDIT CARD
307447,PARTY GALAXY,2264966 ONTARIO INC,5 MOUNTAIN STREET,GRIMSBY,ON,L3M 3J5,905-309-3826,905-309-6826,msaleemrafiq@hotmail.com,MOHAMMAD RAFIQ,DUANE GIRARDIN,DISCOUNT20CAD,20,Post Dated Cheque 30 on receipt
307483,LIQUIDATION CITY,TRI-STAR AUCTIONS LTD,"773112 COUNTY ROAD 59 SOUTH, PO BOX 898",NORWICH,ON,N0J 1P0,519-468-3541,519-468-2539,peter@liquidationcity.ca,Pete,DUANE GIRARDIN,DISCOUNT20CAD,20,CREDIT CARD
307603,MY UNIQUE DOLLAR STORE & MORE,2421284 ONTARIO INC,6500 LUNDY'S LANE,NIAGARA FALLS,ON,L2G 1T6,905-358-1985,905-358-1985,ibrahim.nakhuda@hotmail.com,IBRAHIM NAKHUDA,DUANE GIRARDIN,DISCOUNT24CAD,24,Pre-Auth Card
307656,JACK'S PLACE  FOR KIDS / 2474885 ONT LTD,342 SIMCOE STREET,PO BOX 219,BEAVERTON,ON,L0K 1A0,705-426-1354,,carole.roberts@sympatico.ca,CAROLE ROBERTS - 1,DUANE GIRARDIN,DISCOUNT20CAD,20,CREDIT CARD
307707,BIG BAZAAR / 2460604 ONTARIO INC.,"5602 TENTH LINE WEST, UNIT 121",,MISSISSAUGA,ON,L5M 7L9,905-286-4627,905-286-4629,bigbazaar@hotmail.com,RASHID KHAN,DUANE GIRARDIN,DISCOUNT20CAD,20,Pre-Auth Card
307724,BENEFITS OF BEAUTY,"270 RUTHERFORD ROAD SOUTH, UNIT 4",,BRAMPTON,ON,L6W 3K7,905-541-7903,,roy@bofb.ca,ROY ZAMMIT,DUANE GIRARDIN,DISCOUNT20CAD,20,Payment on receipt
307764,STURGEON FALLS HOME HDW-1687-3,"ALLIANCE INTERNATIONAL, LLC.",34 HENRY STREET WEST,ST.JACOBS,ON,N0B 2N0,705-753-0810,705-753-0181,louise@sfhhbc.ca,Louise Rolfe,DUANE GIRARDIN,DISCOUNT15CAD,15,NET 30
307788,DOLLAR DISCOUNT STORE-BALMORAL,1000566577 ONTARIO INC,700 BALMORAL DRIVE,BRAMPTON,ON,L6T 1X2,905-799-8270,905-799-8270,jaspal_dhaliwal@icloud.com,JASPAL DHALIWAL,DUANE GIRARDIN,DISCOUNT20CAD,20,Post Dated Cheque 30 on receipt
307858,SUNDRIDGE FOODLAND #6819,2379446 ONTARIO LIMITED,"10 JOHN STREET, PO BOX 1119",SUNDRIDGE,ON,P0A 1Z0,705-384-5378,705-384-5875,brent.harris@sobeys.com,BRENT/MARLENE HARRIS,DUANE GIRARDIN,DISCOUNT20CAD,20,CREDIT CARD
307908,MR. LIQUIDATION / ZANE TRADING INC.,869 BARTON STREET EAST,,HAMILTON,ON,L8L 3B4,905-906-4861,,m_momani1969@hotmail.com,MOHAMMAD ALMONANI,DUANE GIRARDIN,DISCOUNT20CAD,20,Post Dated Cheque 30 on receipt
307919,NEWCASTLE FOODLAND #6837,2494912 ONTARIO LIMITED,131 KING AVENUE EAST,NEWCASTLE,ON,L1B1H3,905-987-4056,905-987-3053,Ryan.Ormiston@sobeys.com,RYAN ORMISTON,DUANE GIRARDIN,DISCOUNT20CAD,20,NET 30
307921,CANNINGTON FOODLAND,1238251 ONTARIO INC.,35 CAMERON STREET EAST,CANNINGTON,ON,L0E 1E0,705-432-3398,705-432-3449,melissa.mount@sobeys.com,Melissa Mount,DUANE GIRARDIN,DISCOUNT20CAD,20,NET 30
307925,DOLLAR BAZAAR / AFSA TRADERS,"4728 JANE STREET, UNIT 4",,TORONTO,ON,M3N 2L1,416-739-6052,,sikandarshaikh20003@gmail.com,SIKANDAR SHAIKH,DUANE GIRARDIN,NOGROUPCAD,0,Pre-Auth Card
307980,CHRISTMAS SPIRIT / KISDAK LTD,571 PARIS ROAD,,PARIS,ON,N3L 3H9,519-754-6813,,davek@christmasspirit.ca,DAVE KERR,DUANE GIRARDIN,DISCOUNT20CAD,20,PD30-CQ.ADVANCE
308018,RUSSELL FOODLAND / 2199401 ONTARIO INC.,148 CRAIG STREET,,RUSSELL,ON,K4R 1A1,613-445-0468,613-445-0256,karine.boucher@sobeys.com,KARINE BOUCHER,DUANE GIRARDIN,DISCOUNT20CAD,20,NET 30
308025,MICHAUD & LEVESQUE LTD.,222 MAIN STREET,,STURGEON FALLS,ON,P2B 2Z6,705-753-2233,705-753-1535,michmail@on.aibn.com,PAUL LEVESQUE,DUANE GIRARDIN,DISCOUNT10CAD,10,Pre-Auth Card
308073,TRU HARDWARE-KUUJJUAQ #2446 / LES MAGASINS TULLIK I,TULLIK INC,"BUILDING 1285, PO BOX 1140",KUUJJUAQ,QC,J0M 1C0,819-964-2356,,tullikinc@hotmail.com,ERIC PERSON,DUANE GIRARDIN,DISCOUNT10CAD,10,NET 30
308080,GILLAM CO-OP FOOD STORE,335 MATTONABEE AVENUE,,GILLAM,MB,R0B 0L0,204-652-2661,204-652-2992,grocery@gillam.crs,Cheryl Friesen,DUANE GIRARDIN,DISCOUNT10CAD,10,NET 30
308131,SIMCOE DOLLAR STOP,2351786 ONTARIO INC,"150 WEST STREET, UNIT 127-131",SIMCOE,ON,N3Y 5C1,519-426-1786,519-426-1786,dollarstop007@hotmail.com,MUDASSAR IQBAL,DUANE GIRARDIN,DISCOUNT20CAD,20,PD30-CQ.ADVANCE
308174,HAY RIVER HOME HARDWARE #5134 - 4,6268 NWT LTD,70 INDUSTRIAL DRIVE,HAY RIVER,NT,X0E 0R6,867-874-6722,867-874-2266,melissa.hrhh@northwestel.net,MELISSA HOFMANN,DUANE GIRARDIN,DISCOUNT15CAD,15,CREDIT CARD
308195,KENNEDY ROAD TABERNACLE,141 KENNEDY ROAD NORTH,,BRAMPTON,ON,L6V 1X9,905-459-1971,,stephanie@krt.org,STEPHANIE KELLYMAN,DUANE GIRARDIN,NOGROUPCAD,0,Pre-Auth Card
308295,HOME HARDWARE & CCY GENERAL / STORE,31 HWY 644,PO BOX 269,POINTE AU BARIL,ON,P0G 1K0,705-366-211,705-366-2401,helenpark520@gmail.com,HELEN PARK,DUANE GIRARDIN,DISCOUNT15CAD,15,ADVANCE PAYMENT
308303,AUSTICA INC.,67 TOBA CRESCENT,,BRAMPTON,ON,L6Z 4R7,647-470-5169,905-956-1071,austicainc@gmail.com,INDERPREET KAUR,DUANE GIRARDIN,DISCOUNT20CAD,20,Pre-Auth Card
308305,GG'S CORNER & GIFT / GG'S ACE HARDWARE,PO BOX 280,,MOOSE FACTORY,ON,P0L 1W0,705-658-4591,705-658-4326,rob@ggscorner.com,ROB FARIES,DUANE GIRARDIN,DISCOUNT10CAD,10,NET 30
308330,FRANKS GENERALS STORE -MAKKOVIC,57 HUMBER ROAD,,CORNERBROOK,NL,A2H 1E7,709-634-3297,709-634-4520,patty.dicker@djgrouplabrador.com,PATTY DICKER,DUANE GIRARDIN,DISCOUNT10CAD,10,CREDIT CARD
308331,HAGERSVILLE DISCOUNT STORE,2558719 ONTARIO INC,"2 MAIN STREET NORTH, PO BOX 867",HAGERSVILLE,ON,N0A 1H0,905-768-4744,905-768-4744,discountstore03@hotmail.com,ASJED NAZIA,DUANE GIRARDIN,DISCOUNT20CAD,20,PD30-CQ.ADVANCE
308372,FRANKS GENERAL STORE- NAIN,57 HUMBER ROAD,,CORNERBROOK,NL,A2H 1E7,709-634-3297,709-634-4520,patty.dicker@djgrouplabrador.com,PATTY DICKER,DUANE GIRARDIN,DISCOUNT10CAD,10,CREDIT CARD
308390,FINE FOODS MARKET /1001119914 ONTARIO INC,"711 BAY STREET, SUITE D",,TORONTO,ON,M5G 2J8,416-977-0704,416-602-1966,711finefoods@gmail.com,YUSUF OZLEVI,DUANE GIRARDIN,DISCOUNT20CAD,20,CREDIT CARD
308409,BIG RIDGE FOODS / 41526 MANITOBA LTD,620 CENTENNIAL STREET,,WINKLER,MB,R6W 1J4,204-325-4753,204-325-8756,ajknelsen@gmail.com,JAKE KNELSON,DUANE GIRARDIN,DISCOUNT18CAD,18,Post Dated Cheque 30 on receipt
308438,DOLLAR POWER - BOVAIRD,2590909 ONTARIO INC,380 BOVAIRD DRIVE EAST,BRAMPTON,ON,L6Z 2S8,905-230-5553,416-725-6187,alokbhardwaj21@yahoo.ca,Vic,DUANE GIRARDIN,DISCOUNT24CAD,24,Post Dated Cheque 30 on receipt
308447,BARGAIN CLUB INC,"2625C WESTON ROAD, UNIT 21",,TORONTO,ON,M9N 3V8,416-249-0425,647-436-6801,mp@bargainclubs.net,MUKESH PRUTH,DUANE GIRARDIN,DISCOUNT24CAD,24,PD30-CQ.ADVANCE
308448,LOONEY TOONEY CLUB,SETHI BAHI GROUP INC,8 JULIAN DRIVE,BRAMPTON,ON,L6P 0L2,416-249-0428,647-436-6801,premjagga@hotmail.com,PREM JAGGA,DUANE GIRARDIN,DISCOUNT24CAD,24,PD30-CQ.ADVANCE
308488,HIAWATHA FIRST NATION / HFN,THE OLD RAILROAD STOP,341 HIAWATHA LINE,KEENE,ON,K9J 0E6,705-295-7148,705-295-4055,orrsmanager@hiawathafn.ca,JD ,DUANE GIRARDIN,NOGROUPCAD,0,Post Dated Cheque 30 on receipt
308501,ACE HARDWARE - SWAN RIVER # 71637,10026126 MANITOBA LTD,"121 - 5TH AVENUE SOUTH, PO BOX 1270",SWAN RIVER,MB,R0L 1Z0,204-734-3224,204-734-4941,aceswanriver@gmail.com,Harshal,DUANE GIRARDIN,DISCOUNT10CAD,10,CREDIT CARD
308517,FOXBORO FOODLAND,ART PARLIAMENT FOODS LTD,54 FRANKFORD ROAD,FOXBORO,ON,K0K 2B0,613-968-5721,613-968-3275,ryan.parliament@sobeys.com,RYAN PARLIAMENT,DUANE GIRARDIN,DISCOUNT20CAD,20,CREDIT CARD
308531,MIKY'S LIQUIDATION / 9156283 CANADA INC,"615 BOWES ROAD, UNIT 4",,CONCORD,ON,L4K 1J5,416-871-3508,416-871-3508,msaftu@hotmail.com,MOZES SAFTU,DUANE GIRARDIN,DISCOUNT20CAD,20,Pre-Auth Card
308599,FRANKS GENERALS STORE - HOPEDALE,57 HUMBER ROAD,,CORNERBROOK,NL,A2H 1E7,709-634-3297,709-634-4520,patty.dicker@djgrouplabrador.com,PATTY DICKER,DUANE GIRARDIN,DISCOUNT10CAD,10,CREDIT CARD
308796,WESTWAY DOLLAR AND UP,2627282 ONTARIO LTD,415 THE WESTWAY,ETOBICOKE,ON,M9R 1H5,647-355-4006,,amritsahota13@gmail.com,AMRIT SAHOTA,DUANE GIRARDIN,DISCOUNT20CAD,20,ADVANCE PAYMENT
308823,VODDEN FOODLAND 3244,CANDICO FOODMARKETS LTD.,456 VODDEN ST. EAST,BRAMPTON,ON,L6S 5Y7,905-453-3100,,nehmat.haidari@sobeys.com,NEHMAT HAIDARI,DUANE GIRARDIN,DISCOUNT20CAD,20,NET 30
308862,99 CENT DEPOT- FLEMINGTON PARK,A AN S CANADA INC,"747 DON MILLS ROAD, UNIT 31",TORONTO,ON,M3C 1T2,416-423-1722,416-423-1722,asmalarefa07@gmail.com,AREFA ASMAL,DUANE GIRARDIN,DISCOUNT24CAD,24,PENDING
308945,FISHER BRANCH HEALTH CENTER,BOX 543,23 TACHE STREET,FISHER BRANCH,MB,R0C 0Z0,204-372-8402,,karen.abas001@gmail.com,KAREN ABAS,DUANE GIRARDIN,NOGROUPCAD,0,Pre-Auth Card
309069,DOLLAR POWER EGLINTON,DOLLAR SHOWCASE INC,640 EGLINTON AVE WEST,MISSISSAUGA,ON,L5R 3V2,905-755-0707,,dollarshowcaseinc@gmail.com,RAJDEEP SINGH,DUANE GIRARDIN,DISCOUNT24CAD,24,PENDING
309081,THE GARDEN CENTRE GROUP CO-OP,THE GREEN SPOT,5025 ORBITOR DRIVE BUILDING 1 SUITE 104,MISSISSAUGA,ON,L4W 4Y5,204-727-5884,,retail@greenspotbrandon.com,Bernie,DUANE GIRARDIN,DISCOUNT20CAD,20,2% 15 NET 45
309113,DEPANNEUR BELLECOURT,2846-9203 QUEBEC INC,101 CHEMIN NETAGAMIOU,CHEVERY,QC,G0G 1G0,418-787-2281,,depbellecourt@hotmail.com,JULIE CHISLETT,DUANE GIRARDIN,NOGROUPCAD,0,Post Dated Cheque 30 on receipt
309129,BOBCAYGEON FOODLAND,1815643 ONTARIO LTD,62 BOLTON STREET,BOBCAYGEON,ON,K0M 1A0,705-738-2282,705-738-2320,fld33448bobcaygeon@sobeys.com,Jessica Young,DUANE GIRARDIN,DISCOUNT20CAD,20,NET 30
309159,M. KOOSTACHIN AND SONS,PO BOX 256,,ATTAWAPISKAT,ON,P0L 1A0,705-997-2113,705-997-2366,mks.generalstore@yahoo.ca,SYLVIA KOOSTACHIN-METATAWABIN,DUANE GIRARDIN,NOGROUPCAD,0,NET 30
309197,CA AM UNITED HARDWARE LTD.,160 AUGUSTA,,TORONTO,ON,M5T 2L5,416-598-8195,416-596-8098,caam.united@gmail.com,JENNY SO,DUANE GIRARDIN,NOGROUPCAD,0,NET 30
309216,MILLBROOK FOODLAND 3248,HELM FOODS & ASSOCIATES,6 CENTRE STREET,MILLBROOK,ON,L0A 1G0,705-932-2139,705-932-2333,joshua.helm@sobeys.com,JOSHUA HELM,DUANE GIRARDIN,DISCOUNT20CAD,20,NET 30
309307,OMEMEE FOODLAND #3255,RDLCHASE1955 INC,31 KING STREET EAST,OMEMEE,ON,K0L 2W0,705-799-5211,705-799-7883,rob.longhurst@sobeys.com,ROBERT LONGHURST,DUANE GIRARDIN,DISCOUNT20CAD,20,NET 30
309322,DOLLAR POWER - SCARBOROUGH,2717977 ONTARIO INC,4465 KINGSTON ROAD,SCARBOROUGH,ON,M1E 2N7,416-599-0786,,imran.manju@yahoo.ca,IMRAN MANJU,DUANE GIRARDIN,DISCOUNT24CAD,24,Post Dated Cheque 30 on receipt
309326,HOWARD PHARMACY,FOUR BROTHERS PHARMACY INC,25 HOWARD STREET,TORONTO,ON,M4X 1J6,416-515-1515,416-515-1516,howardpharmacy25@gmail.com,YOUSSEF MOUSSA,DUANE GIRARDIN,DISCOUNT10CAD,10,Pre-Auth Card
309327,CENTURY CITY PHARMACY,HOLY THEOTOKOS PHARMA INC,"5025 HEATHERLEIGH AVE, UNIT 6",MISSISSAUGA,ON,L5V 2Y7,905-507-8870,905-507-8820,centurycitypharmacy@gmail.com,MARY KHALIL,DUANE GIRARDIN,DISCOUNT10CAD,10,Pre-Auth Card
309331,NORTHWEST HOME HARDWARE,"ALLIANCE INTERNATIONAL, LLC.",34 HENRY STREET WEST,ST.JACOBS,ON,N0B 2N0,905-458-5959,905-458-8712,nick.genua@homehardware.ca,NICK GENUA & JANICE BERARO,DUANE GIRARDIN,DISCOUNT15CAD,15,NET 30
309333,ROBINSON HOME HARDWARE - BARRIE,"ALLIANCE INTERNATIONAL, LLC.",34 HENRY STREET WEST,ST. JACOBS,ON,N0B 2N0,705-728-2431,,marcus.bromenshenkel@homehardware.ca,MARCUS BROMENSHENKEL,DUANE GIRARDIN,DISCOUNT15CAD,15,NET 30
309420,ABC DOLLAR STORE,ANBINH CORPORATION,849 JANE STREET,TORONTO,ON,M6N 4C4,647-466-6868,,abcdollarstore1@gmail.com,CHANH TIN NGUYEN,DUANE GIRARDIN,DISCOUNT20CAD,20,CREDIT CARD
309429,SAVE-ON SUPPLIES INC,"3136 MAVIS ROAD, UNIT 205",,MISSISSAUGA,ON,L5C 1T9,905-803-8888,,info@saveon.supplies,NADER AWADALLA,DUANE GIRARDIN,DISCOUNT20CAD,20,ADVANCE PAYMENT
309438,RED LAKE IGA/MACDEN HOLDINGS LTD,BOX 826,,RED LAKE,ON,P0V 2M0,807-727-2855,807-727-3451,warren.lumgair@sobeys.com,WARREN LUMGAIR,DUANE GIRARDIN,DISCOUNT20CAD,20,NET 30
309439,DOLLO'S FOODLAND #6413,DOLLO'S BROS FOOD MARKET,P.O. BOX 330 / 12325 HWY 35,MINDEN,ON,K0M 2K0,705-286-1121,705-286-1653,jeffbabineau@gmail.com,JEFF BABINEAU,DUANE GIRARDIN,DISCOUNT20CAD,20,NET 30
309459,ORILLIA HOME HARDWARE BUILDING CENTRE,5 KING STREET AT WEST STREET,,ORILLIA,ON,L3V 1R2,705-326-7371,705-325-7007,kirk.mclean@hhbcorillia.ca,KIRK MCLEAN,DUANE GIRARDIN,DISCOUNT15CAD,15,NET 30
309469,REGEN BRAMPTON,REGENERATION OUTREACH COMMUNITY,156 MAIN STREET NORTH,BRAMPTON,ON,L6V 1N9,416-803-1410,,ted@regenbrampton.com,Ted,DUANE GIRARDIN,NOGROUPCAD,0,ADVANCE PAYMENT
309480,M&D SHEPPARD PHARMACY,GOBRIAL INC,2-872 SHEPPARD AVE WEST,TORONTO,ON,M3H 5V5,416-633-6800,416-633-6805,concou1@yahoo.ca,HANY GOBRIAL,DUANE GIRARDIN,NOGROUPCAD,0,ADVANCE PAYMENT
309488,SUPER THRIFTY-MEDICAL CTR PHAR-BRANDON,WEST-MAN MEDICAL CENTRE PHARMACY,146 - 6TH STREET,BRANDON,MB,R7A 3N2,204-727-8451,204-727-3471,medicalcentre@superthrifty.com,ROB JASKA,DUANE GIRARDIN,NOGROUPCAD,0,NET 30
309505,HASTY MARKET #387,2614554 ONTARIO INC,475 CHAROLAIS BLVD #2,BRAMPTON,ON,L6Y 0M2,647-537-7578,,hastymarket387@outlook.com,Arpit,DUANE GIRARDIN,NOGROUPCAD,0,ADVANCE PAYMENT
309513,DEALS FOR DAYS,2020 DEALS FOR DAYS,11 MAIN STREET,LUNDAR,MB,R0C 1Y0,204-739-3099,,misdesj@gmail.com,MISTY DESJARLAIS,DUANE GIRARDIN,DISCOUNT20CAD,20,Pre-Auth Card
309525,G&L VARIETY,1138901 ONTARIO INC,83 FRONT STREET,HORNEPAYNE,ON,P0M 1Z0,807-868-2494,,k-wood20@live.ca,Kerry,DUANE GIRARDIN,NOGROUPCAD,0,ADVANCE PAYMENT
309530,CASH IN A FLASH,10025181MB LTD,"BOX 115, 8 ART AVENUE",POWERVIEW,MB,R0E 1P0,204-367-4537,,cashinaflashpowerview@outlook.com,Adam Pepin,DUANE GIRARDIN,NOGROUPCAD,0,Pre-Auth Card
309555,MIMI'S CONVENIENCE,1686 DANFORTH,,TORONTO,ON,M4C 1H8,416-778-8104,416-778-8104,shsup78@naver.com,Mike,DUANE GIRARDIN,NOGROUPCAD,0,ADVANCE PAYMENT
309656,MOUNT ALBERT FOODLAND,2619906 ONTARIO LTD,19263 HWY #48,MOUNT ALBERT,ON,L0G 1M0,905-473-7406,,crystal.smith@sobeys.com,CRYSTAL SMITH,DUANE GIRARDIN,DISCOUNT20CAD,20,NET 30
309673,LOONIE TWOONS DISCOUNTS STORE / 4950012 MANITOB,4950012 MANITOBA LTD,UNIT #1 - 513 - 8TH STREET,BRANDON,MB,R7A 3X8,204-728-9909,204-725-1730,loonietwoons@wcgwave.ca,Rita,DUANE GIRARDIN,DISCOUNT20CAD,20,NET 30
309674,SUPER THRIFTY PHARMACY HHP,"3000 VICTORIA AVE, UNIT A",,BRANDON,MB,R7B 3Y3,204-727-2483,204-725-3664,judy.newman@superthrifty.com,JUDY NEWMAN,DUANE GIRARDIN,NOGROUPCAD,0,NET 30
309676,MATTAWA FOODLAND #3293,CANDICO FOODMARKET,327 MAIN STREET,MATTAWA,ON,P0H 1V0,705-744-2228,705-744-6699,shelley.wickens@sobeys.com,SHELLEY WICKENS,DUANE GIRARDIN,DISCOUNT20CAD,20,ADVANCE PAYMENT
309683,1 HR ALBION DIGITAL PHOTO,2025359 ONTARIO INC,1530 ALBION ROAD,ETOBICOKE,ON,M9V 1B4,416-745-7559,416-745-7559,aldiphoto@hotmail.com,KAUSHIK PATEL,DUANE GIRARDIN,NOGROUPCAD,0,ADVANCE PAYMENT
309690,FOOD 4 LESS PLUS,2744227 ONTARIO INC,2125 - 16TH AVENUE EAST,OWEN SOUND,ON,N4K 5N3,416-951-6914,,joefiorillo7@gmail.com,JOE FIORILLO,DUANE GIRARDIN,DISCOUNT24CAD,24,NET 30
309720,ROB'S PLACE,BOX 295,,BINSCARTH,MB,R0J 0G0,204-532-2067,,hd22cook@gmail.com,HEATHER BARRETT,DUANE GIRARDIN,NOGROUPCAD,0,ADVANCE PAYMENT
309874,TULIP HOME & KITCHEN,CURE INVESTMENT INC,176 OAKDALE ROAD,NORTH YORK,ON,M3N 1S5,416-743-7676,,tuliphomeandkitchen@gmail.com,MUSTAFA CURE,DUANE GIRARDIN,NOGROUPCAD,0,ADVANCE PAYMENT
310033,DOLLAR LAND,SAINT MINA & SAINT MARINA INC,"3890 EGLINTON AVE WEST, Unit 49 & 50",MISSISSAUGA,ON,L5M 2R9,647-290-1640,,bastanahed@gmail.com,NAHED BASTA,DUANE GIRARDIN,DISCOUNT20CAD,20,Post Dated Cheque 30 on receipt
310050,ROSSBURN DEPARTMENT STORE/1296828 BC LTD,29 MAIN STREET,PO BOX 524,ROSSBURN,MB,R0J 1V0,204-859-3056,,jong0702@hotmail.com,JOHN & Andy,DUANE GIRARDIN,DISCOUNT20CAD,20,Pre-Auth Card
310079,S AND A VARIETY STORE INC,55 TURQUOISE CRES,,BRAMPTON,ON,L6P 2R3,905-915-1797,,bibishameza@hotmail.com,BIBI MCCOON,DUANE GIRARDIN,NOGROUPCAD,0,ADVANCE PAYMENT
310121,CALEDON EAST FOODLAND,MG FOODS INC,15771 AIRPORT ROAD,CALEDON EAST,ON,L7C 1K2,905-584-9677,905-584-2945,matthew.geiser@sobeys.com,MATTHEW GEISER,DUANE GIRARDIN,DISCOUNT20CAD,20,NET 30
310133,PORT ROWAN DOLLAR STOP,2351786 ONTARIO INC,1049 BAY STREET,PORT ROWAN,ON,N0E 1M0,519-586-3636,,dollarstop007@hotmail.com,MUDASSAR IQBAL,DUANE GIRARDIN,DISCOUNT20CAD,20,PD30-CQ.ADVANCE
310134,GLENCOE DOLLAR STOP,2351786 ONTARIO INC,246 MAIN STREET,GLENCOE,ON,N0L 1M0,519-287-2243,,dollarstop007@hotmail.com,MUDASSAR IQBAL ,DUANE GIRARDIN,DISCOUNT20CAD,20,PD30-CQ.ADVANCE
310146,SUPER THRIFTY PHARMACY-CARBERRY,SUPER THRIFTY DRUGS CANADA LTD,"381 PARK AVENUE EAST, UNIT F",BRANDON,MB,R7A 7A5,204-728-1522,,jackie.burton@superthrifty.com,JACKIE BURTON,DUANE GIRARDIN,NOGROUPCAD,0,NET 30
310211,STEDMANS/1000206688 ONTARIO INC,303 MAIN STREET,PO BOX 1420,GERALDTON,ON,P0T 1M0,807-854-0161,807-854-0322,stedmansgeraldton@gmail.com,Shawn,DUANE GIRARDIN,NOGROUPCAD,0,NET 30
310217,HUMANITI INTERNATIONAL,155 COMMERCE VALLEY DRIVE EAST,,MARKHAM,ON,L3T 7T2,905-415-9800,,firaaz@wearehumaniti.org,M. FIRAAZ AZLEZ,DUANE GIRARDIN,NOGROUPCAD,0,ADVANCE PAYMENT
310289,COUNTY GATE PHARMACY,COUNTY GATE PHARMACY INC,21936 LOYALIST PKWY,CARRYING PLACE,ON,K0K 1L0,613-392-0001,613-392-0003,countygatepharmacy@gmail.com,JAMES MATHEW,DUANE GIRARDIN,NOGROUPCAD,0,PENDING
310329,DOLLAR SHIP,1000156463 ONTARIO INC,323 COXWELL AVE,TORONTO,ON,M4L 3B5,647-774-7140,,dollarcayuga@gmail.com,CHAUDHRY ALI,DUANE GIRARDIN,DISCOUNT20CAD,20,Pre-Auth Card
310333,BALA FRESHMART - LUKSA GROCERY,LUKSA GROCERY INC,1003 MILL STREET P.O. BOX 233,BALA,ON,P0C 1A0,705-762-1254,705-762-1194,info@balafreshmart.ca,CALEB LUKSA,DUANE GIRARDIN,DISCOUNT20CAD,20,NET 30
310336,THE BEACHES DOLLAR AND MORE,1512983 ONTARIO INCORPORATED,1948 QUEEN STREET EAST,TORONTO,ON,M4L 1H6,647-617-4221,,thebeachesdollar@gmail.com,SUMAIR NASIM,DUANE GIRARDIN,DISCOUNT15CAD,15,ADVANCE PAYMENT
310337,SUPER THRIFTY CLINIC PHARMACY - BRANDON,SUPER THRIFTY DRUGS CANADA LTD,"381 PARK AVENUE EAST, UNIT F",BRANDON,MB,R7A 7A5,204-728-1522,204-727-8680,lori.senkbeil@superthrifty.com,LORI SENKBEIL,DUANE GIRARDIN,NOGROUPCAD,0,NET 30
310371,DOLLAR EXPRESS PLUS,RAY-MAN CANADA CORPORATION,1912 WESTON ROAD,TORONTO,ON,M9W 1W2,416-244-3885,,dollarexpressplus@hotmail.com,AYAZ SYED,DUANE GIRARDIN,DISCOUNT20CAD,20,Pre-Auth Card
310430,NORTHERN LIGHTS DOLLAR STORE AND MORE,KESAV INTERNATIONAL INC,"333 EDWARDS AVENUE, PO BOX 2435",THE PAS,MB,R9A 1M2,204-623-5376,204-623-5377,kesavinternationalinc@gmail.com,AKSHAY PATEL,DUANE GIRARDIN,DISCOUNT20CAD,20,CREDIT CARD
310441,DOLLAR HEAVEN DISCOUNTS,"7007 ISLINGTON AVE, #23",,WOODBRIGE,ON,L4L 4T5,906-605-8646,,gasiffo@rogers.com,GEORGE ASIFFO,DUANE GIRARDIN,DISCOUNT20CAD,20,ADVANCE PAYMENT
310469,WESTFORT FOODS INC,111 FREDERICA STREET EAST,,THUNDER BAY,ON,P7E 3V4,807-623-4220,807-624-0950,wffoods@tbaytel.net,ROBERT VAN DYK,DUANE GIRARDIN,DISCOUNT15CAD,15,Pre-Auth Card
310470,NIPIGON ESSO/JASVI TRUCKING LTD,536 HWY 11/17,P.O. BOX 638,NIPIGON,ON,P0T 2J0,1-807-887-1700,,jasvitrucking@gmail.com,HARPAL BRAR,DUANE GIRARDIN,NOGROUPCAD,0,ADVANCE PAYMENT
310494,EXCLUSIVE DOLLAR STORE,"521 BAYFIELD STREET, UNIT 103",,BARRIE,ON,L4M 4Z9,647-983-4321,,exclusivedollarstore@gmail.com,Sachin Kumar Rathi,DUANE GIRARDIN,DISCOUNT20CAD,20,Post Dated Cheque 30 on receipt
310554,TRI-TOWN FURNITURE WAREHOUSE,55 REGINA STREET SOUTH,,NEW LISKEARD,ON,P0J 1P0,705-647-4008,,pierre@ttfw.store,PIERRE DESPRES,DUANE GIRARDIN,DISCOUNT18CAD,18,ADVANCE PAYMENT
310558,DOLLAR POWER PLUS - JANE/FINCH,15394155 CANADA INC,1911 FINCH AVE WEST,TORONTO,ON,M3N 2V2,416-398-0786,,dollarpowerjanefinch@yahoo.com,Trupti,DUANE GIRARDIN,DISCOUNT24CAD,24,Post Dated Cheque 30 on receipt
310565,DOLLAR MAHAL PLUS CONVENIENCE,1000598193 ONTARIO INC,UNIT 2 - 120 ERINGATE DRIVE,ETOBICOKE,ON,M9C 3Z8,416-620-5697,,dollarmahal2023@gmail.com,NIKUNJ PATEL & Prince,DUANE GIRARDIN,DISCOUNT10CAD,10,Pre-Auth Card
310575,PORT PERRY FOODLAND,SIMCCO FOODS LTD,278 QUEEN STREET,PORT PERRY,ON,L9L 1B9,905-985-2159,,fld6838portperry@sobeys.com,DARRYL SIM,DUANE GIRARDIN,DISCOUNT20CAD,20,NET 30
310582,FAMILY PLUS CONVENIENCE STORE,1000542615 ONTARIO INC,160 GUELPH STREET,GEORGETOWN,ON,L7G 4A6,905-702-0425,,familyplusconvenience@gmail.com,VIKAS JINDAL,DUANE GIRARDIN,NOGROUPCAD,0,ADVANCE PAYMENT
310587,STONEWALL PHARMACY,10136336 MANITOBA LTD,BOX 340,STONEWALL,MB,R0C 2Z0,204-467-8287,204-467-5320,debbiet@stonewallpharmacy.com,Debbie Thompson,DUANE GIRARDIN,DISCOUNT20CAD,20,NET 30
310592,EMO FEEDS / EMO FEED SERVICE LTD,21 CANNING LANE,P.O. BOX 26,EMO,ON,P0W 1E0,807-482-2017,807-482-2017,sabine@emofeeds.com,SABINE SAWATZKY,DUANE GIRARDIN,NOGROUPCAD,0,ADVANCE PAYMENT
310593,ROSE HOME HARDWARE,ROSE RETAIL LTD,7 TRENT ST. NORTH,FRANKFORD,ON,K0K 2C0,613-398-6618,,arorarose@bellnet.ca,ARORA ROSE,DUANE GIRARDIN,DISCOUNT15CAD,15,ADVANCE PAYMENT
310595,PEGUIS HOME HARDWARE,ALLIANCE INTERNATIONAL LLC.,34 HENRY STREET WEST,ST. JACOBS,ON,N0B 2N0,519-664-4944,204-372-6364,kevinmccorrister@hotmail.com,KEVIN McCORRISTER,DUANE GIRARDIN,DISCOUNT15CAD,15,NET 30
310601,ABC DISCOUNT STORE,VINHTIN DISTRIBUTOR INC,2393 FINCH AVENUE WEST,TORONTO,ON,M9M 2W8,437-868-1818,,abcdiscount1@gmail.com,CHANH QUANG VINH NGUYEN,DUANE GIRARDIN,DISCOUNT20CAD,20,ADVANCE PAYMENT
310609,VILLAGE SQUARE PHARMASAVE,2375121 ONTARIO LIMITED,"2 POYNTZ STREET, UNIT 101",PENETANGUISHENE,ON,L9M 1M2,705-549-3141,,christine.floro@robpharm.ca,CHRISTINE FLORO,DUANE GIRARDIN,NOGROUPCAD,0,NET 30
310636,DALSEG'S TRADING POST,DALSEG'S TRADING POST (2002) LTD,1624B HWY 71,NESTOR FALLS,ON,P0X 1K0,807-484-2172,807-484-2589,finefoods@nwonet.net,SHAWNA ANDERSON,DUANE GIRARDIN,NOGROUPCAD,0,ADVANCE PAYMENT
310637,DOLLAR POWER HAMILTON,1570061 CANADA INC,"505 RYMAL ROAD EAST, UNIT #3",HAMILTON,ON,L8W 3X1,905-574-0786,,dollarpowerhamilton@yahoo.com,Sohel,DUANE GIRARDIN,DISCOUNT24CAD,24,Post Dated Cheque 30 on receipt
310657,BERSCHEID MEATS / VJ BERSCHEID LTD,PO BOX 629,195 PTH 10N,THE PAS,MB,R9A 1K7,204-613-3930,204-623-1512,jim@berscheids.ca,JIM BERSCHEID,DUANE GIRARDIN,NOGROUPCAD,0,ADVANCE PAYMENT
310692,MISTISSINI ATAAWAAUKAMIKW INC,152 AMISK STREET,,MISTISSINI,QC,G0W 1C0,418-923-3898,418-923-2900,jeffspencer@eskan.ca,JEFF SPENCER,DUANE GIRARDIN,DISCOUNT10CAD,10,Post Dated Cheque 30 on receipt
310696,BURFORD MARKET/1000822118,1000822118 ONTARIO INC,118 KING STREET,BURFORD,ON,N0E 1A0,226-922-7773,,michaeljaird@outlook.com,MICHAEL AIRD,DUANE GIRARDIN,NOGROUPCAD,0,Post Dated Cheque 30 on receipt
310724,SWAN RIVER DOLLAR STORE & MORE,MAHANT INTERNATIONAL INC,"110TH, 5TH AVE NORTH",SWAN RIVER,MB,R0L 1Z0,204-595-9904,,swanriverds@gmail.com,AKSHAY PATEL,DUANE GIRARDIN,DISCOUNT20CAD,20,CREDIT CARD
310725,STROUD FOODLAND,8056 YONGE STREET UNIT 17,,INNISFIL,ON,L9S 1L6,705-436-3580,,krista.hubbard@sobeys.com,KRISTA HUBBARD,DUANE GIRARDIN,DISCOUNT20CAD,20,NET 30
310730,CASTLE BUILDING CENTRES-MAADA'OOZHGAMIG,"100 MILVERTON DRIVE, UNIT#400",,MISSISSAUGA,ON,L5R 4H1,807-887-3636,,marlo@maada.ca,MARLO BEAUCAGE,DUANE GIRARDIN,DISCOUNT15CAD,15,2% E.O.M.F.
310740,COBOCONK FOODLAND #3362,1000620966,6708 HIGHWAY #35,COBOCONK,ON,K0M 1K0,705-454-1414,,alicia.ceglie@sobeys.com,ALICIA CEGLIE,DUANE GIRARDIN,DISCOUNT20CAD,20,NET 30
310742,LEELA SUPERMARKET,2645430 ONTARIO CORPORATION,9-263 QUEEN STREET EAST,BRAMPTON,ON,L6W 4K6,905-453-3522,,thinusha2985@yahoo.com,THINUJA SATKUNANATHAN,DUANE GIRARDIN,DISCOUNT10CAD,10,Pre-Auth Card
310750,WILLIAMS AND SCOTT HARDWARE LTD,47 4TH AVENUE,BOX 580,ENGLEHART,ON,P0J 1H0,705-544-2002,,williamsandscotthardware@outlook.com,BRIDGET FOSS,DUANE GIRARDIN,DISCOUNT10CAD,10,NET 30
310761,ALIX STORE/ALIX ENT LTD,BUILDING 29 P.O. BOX 123,,BERENS RIVER,MB,R0B 0A0,204-382-2341,,alixstore@live.com,DENNIS ALIX,DUANE GIRARDIN,NOGROUPCAD,0,ADVANCE PAYMENT
310763,EVANS CONVENIENCE,14094522 CANADA INC,21 PARK BLVD,ETOBICOKE,ON,M8W 1G4,416-251-2568,,alekhya.anv@gmail.com,VELANGANI GORLI,DUANE GIRARDIN,NOGROUPCAD,0,ADVANCE PAYMENT
310770,FLOWERS BY LEENIE,1721 CHIEFSWOOD ROAD,BOX 43,OSHWEKEN,ON,N0A 1M0,519-445-9210,,flowersbyleenie9210@gmail.com,Leenie,DUANE GIRARDIN,NOGROUPCAD,0,ADVANCE PAYMENT
310772,KEGO CORPORATION,"1064 HARGRIEVE ROAD, UNIT C",,LONDON,ON,N6E 1P5,(905) 936-3580,(905) 936-3585,rcollins@kegocorp.com,R COLLINS,DUANE GIRARDIN,NOGROUPCAD,0,NET 30
310774,WEINSEA LTD,15 NORTHTOWN WAY SUITE 34,,TORONTO,ON,M2N 7A2,(647) 679-3682,,chair-he@hotmail.com,Michelle,DUANE GIRARDIN,NOGROUPCAD,0,ADVANCE PAYMENT
310776,THE GREEN SPOT HOME AND GARDEN,5025 ORBITOR DRIVE BUILDING 1 SUITE 104,,MISSISSAUGA,ON,L4W 4Y5,(204) 727-5884,,bernie@greenspotbrandon.com,BERNIE WHETTER,DUANE GIRARDIN,DISCOUNT20CAD,20,2% 15 NET 45
310786,GRACE TEXTILE/GRANDE LINENS AND TEXTILE,3200 STEELES AVE WEST #12,,CONCORD,ON,L4K 3B8,(905) 660-8991,(905) 660-5161,michaelmuzzatti@yahoo.com,MICHAEL MUZZATTI,DUANE GIRARDIN,DISCOUNT15CAD,15,Post Dated Cheque 30 on receipt
310789,CALEDON EAST PHARMACY,1-15771 AIRPORT ROAD,,CALEDON EAST,ON,L7C 1K2,(905) 584-2238,(905) 584-0789,peterhanna22@yahoo.ca,PETER HANNA,DUANE GIRARDIN,DISCOUNT20CAD,20,Pre-Auth Card
310793,S AND S FOODS INC,47 HAMPTON STREET EAST,,MACGREGOR,MB,R0H 0R0,(204) 685-2130,,macgregor.grocers@gmail.com,INVOICING,DUANE GIRARDIN,NOGROUPCAD,0,ADVANCE PAYMENT
310796,TERRY'S TENTS LTD,326 HAMILTON RIVER ROAD,,GOOSE BAY,NL,A0P 1C0,709 896-5000,709 896-5191,info@terrystents.ca,TERRY WHEY,DUANE GIRARDIN,NOGROUPCAD,0,ADVANCE PAYMENT
310799,DOLLAR DEALZ / 2742348 ONTARIO INC,3918 COTTRELLE BLVD,,BRAMPTON,ON,L6P 2R1,(647) 963-0032,,dollardealz999@gmail.com,LAKHWINDER SRAN,DUANE GIRARDIN,DISCOUNT18CAD,18,Post Dated Cheque 30 on receipt
310802,MAMAWEENONG CONVENIENCE STORE,1204 NORTHSHORE ROAD,,FORT ALEXANDER,MB,R0E 0P0,(204) 367-2253,(204) 367-2268,managermamaweenongs@sagkeeng.ca,SHELLY ACTIMICHUK,DUANE GIRARDIN,NOGROUPCAD,0,ADVANCE PAYMENT
310816,SUPER THRIFTY PHARMACY - NEEPAWA,SUPER THRIFTY DRUGS CANADA LTD,"381 PARK AVENUE EAST, UNIT F",BRANDON,MB,R7A 7A5,(204) 728-1522,(204) 727-8680,heather.saquet@superthrifty.com,HEATHER SAQUET,DUANE GIRARDIN,NOGROUPCAD,0,NET 30
310820,MacTIER HOME HARDWARE / LTD MUSKOKA INC,15 FRONT STREET,,MacTIER,ON,P0C 1H0,705-375-4663,705-375-0916,jessica.bell@homehardware.ca,Jessica Bell,DUANE GIRARDIN,DISCOUNT15CAD,15,Pre-Auth Card
310829,RX DRUG MART IDA 5008,201 AMBRIDGE DRIVE,,IROQUOIS FALLS,ON,P0K 1G0,705-232-6625,,rxdm5008@rxdm.ca,CHERISH LIEBENOW,DUANE GIRARDIN,NOGROUPCAD,0,NET 30
310832,LOWER MOUNTAIN MERCANTILE / KUDRINKO'S LTD,22 MAIN ST,,WESTPORT,ON,K0G 1X0,613-273-2130,,martha@kudrinkos.ca,MARTHA KUDRINKO,DUANE GIRARDIN,DISCOUNT10CAD,10,ADVANCE PAYMENT
310876,LACLIE PHARMACY INC,2 DIAMOND VALLEY DR.,,ORO-MEDONTE,ON,L0L 2E0,705-325-1111,705-325-8644,lacliepurchasing@gmail.com,ANGELA ENGEL,DUANE GIRARDIN,NOGROUPCAD,0,ADVANCE PAYMENT
310924,COURSOL DESIGN HOME FURNITURE / COURSOL LEASING INC,278 COURSOL RD,,STURGEON FALLS,ON,P2B 3B7,705-753-0600,,coursoldesign@gmail.com,GASTON COURSOL,DUANE GIRARDIN,NOGROUPCAD,0,ADVANCE PAYMENT
310988,ANGUS SOBEYS / 2429242 ONTARIO LTD,274 MILL ST,,ANGUS,ON,L3W 0H1,705-424-1588,705-424-6242,alain.lemay@sobeys.com,ALAIN LEMAY,DUANE GIRARDIN,DISCOUNT20CAD,20,NET 30
310991,SHELBURNE FOODLAND / OMARFIA INVESTMENTS INC.,824 OJIBWAY RD,,SHELBURNE,ON,L9V 3X9,519-925-1771,519-925-2493,nehmat.hjaidari@sobeys.com,NEHMAT,DUANE GIRARDIN,DISCOUNT20CAD,20,NET 30
310997,WEMINDJI COMMUNITY STORE / TAWICH BUSINESS DEVELOPMENT CORP.,12 TAWICH ROAD,,WEMINDJI,QC,J0M 1L0,819-978-3030,,tbdc.ceo@tawich.ca,MICHAEL GEORGEKISH,DUANE GIRARDIN,NOGROUPCAD,0,Post Dated Cheque 30 on receipt
310999,WATERBOYZ / 10164920 MANITOBA INC,PO BOX 746,104 OAK ST,MELITA,MB,R0M 1L0,204-522-3212,,mb10164920@gmail.com,MILAN BHATT,DUANE GIRARDIN,NOGROUPCAD,0,ADVANCE PAYMENT
311000,REAVIE'S PHARMACY / REAVIE'S PHCY 1978 LTD,BOX 147,,RUSSELL,MB,R0J 1W0,204-773-2244,204-773-3460,reavieph@mymts.net,GEORGETTE BOWLEY,DUANE GIRARDIN,NOGROUPCAD,0,NET 30
311012,WINNIPEG BEACH GENERAL STORE & LAUNDROMAT / FOX & FERN RESORT INC.,41 STITT ST.,PO BOX 250,WINNIPEG BEACH,MB,R0C 3G0,204-651-1066,,winnipegbeachgeneralstore@gmail.com,MARK BARDSLEY,DUANE GIRARDIN,NOGROUPCAD,0,ADVANCE PAYMENT
311014,ADOWGAMICK ENT,P.O. BOX 163,,SANDY LAKE,ON,P0V 1V0,807-774-1061,807-774-1598,adowgamick@yahoo.ca,PAULINE LINKLATER,DUANE GIRARDIN,NOGROUPCAD,0,ADVANCE PAYMENT
311017,RONA - MELITA / HARI KRUSHNA MAHARAJ MANITOBA LTD,122 ASH STREET,,MELITA,MB,R0M 1L0,647-916-8588,,hkmltdgroup@gmail.com,BIREN PATEL,DUANE GIRARDIN,NOGROUPCAD,0,ADVANCE PAYMENT
311031,REDDENS STORE / REDDENS CAMP LTD,4433 HWY 17 E,,LONGBOW LAKE,ON,P0X 1H0,807-548-4066,,reddens.store@gmail.com,SARAH LONGE,DUANE GIRARDIN,NOGROUPCAD,0,ADVANCE PAYMENT
311035,SNAKLAND INC.,1ST GODDARD AVE,,THE PAS,MB,R9A 1T2,204-623-2661,204-623-1933,snaklandinc@gmail.com,PARITA PATEL,DUANE GIRARDIN,NOGROUPCAD,0,ADVANCE PAYMENT
311046,LITTLE RAPIDS GENERAL STORE LTD,59 LITTLE RAPIDS RD,,THESSALON,ON,P0R 1L0,705-842-3717,,littlerapidsgs@outlook.com,KATHY MROZ,DUANE GIRARDIN,NOGROUPCAD,0,ADVANCE PAYMENT
311048,LIQUIDATION NATION KOSLOV / LIQUIDATION NATION INC,86 BROCK STREET,,BARRIE,ON,L4N 5E4,705-791-7381,,ryousof@gmail.com,RYAN YOUSOF,DUANE GIRARDIN,DISCOUNT20CAD,20,Post Dated Cheque 30 on receipt
311100,MEDI-PLACE PHARMACY / 1001298877 ONTARIO INC,146 - 3300 BLOOR ST WEST,,ETOBICOKE,ON,M8X 2W8,416-236-1145,416-236-3899,mannydos62@gmail.com,MANNY DOS SAUTOS,DUANE GIRARDIN,NOGROUPCAD,0,ADVANCE PAYMENT
311101,CHELTENHAM GENERAL STORE,13694 CHINGUACOUSY ROAD,,CHELTENHAM,ON,L7C 1Z3,905-838-2729,,heatherjudge@cheltenhamstore.com,Heather Judge,DUANE GIRARDIN,NOGROUPCAD,0,ADVANCE PAYMENT
311133,ONADAMAKAY COMMUNITY STORE,PO BOX 157,,WEAGAMOW LAKE,ON,P0V 2Y0,(807) 469-1487,(807) 469-1414,onastore204@gmail.com,Pamala Beardy,DUANE GIRARDIN,NOGROUPCAD,0,Post Dated Cheque 30 on receipt
311134,EXCLUSIVE LINEN,1835 BLOOR ST #303,,MISSISSAUGA,ON,L4X 1S5,647-239-2396,,carlos722@live.ca,CARLOS LOURENCO,DUANE GIRARDIN,NOGROUPCAD,0,Pre-Auth Card
311137,DOLLAR NORTH INCORPORATED,125 FATHER TOBIN ROAD,,BRAMPTON,ON,L6R 0W9,(437) 772-6462,,"	kirangill231@gmail.com",Kiran Gill,DUANE GIRARDIN,DISCOUNT18CAD,18,Pre-Auth Card
311145,MANIKIN CENTER ,1005 KAWAWA ROAD,BUREAU 101,KAWAWACHIKAMACH,QC,G0G 2Z0,(418) 585-3660,,rtallon@naskapi.com,Richard Tallon,DUANE GIRARDIN,NOGROUPCAD,0,ADVANCE PAYMENT
600248,BUCKS DOLLAR STORE,K & L DISCOUNT SALES INC,320 3rd AVENUE SOUTH,KAMSACK,SK,S0A 1S0,306-542-3116,306-542-3116,lilkor@sasktel.net,LILLIAN KOROLUK,DUANE GIRARDIN,DISCOUNT20CAD,20,CREDIT CARD
603149,HOME HARDWARE CENTRE-INUVIK,ARCTIC RIM DISTRIBUTORS,"75 FRANKLIN RD, BOX 2280",INUVIK,NT,X0E 0T0,867-777-2566,867-777-3076,jlavoie.arcticrim@northwestel.net,JOE LAVOIE,DUANE GIRARDIN,NOGROUPCAD,0,Pre-Auth Card
603172,HOME HARDWARE - TUMBLER RIDGE,675773 B.C. LTD.,"128 COMMERCIAL PARK, BOX 2069",TUMBLER RIDGE,BC,V0C 2W0,250-242-4338,250-242-5457,dean.turner@homehardware.ca,DEAN TURNER,DUANE GIRARDIN,DISCOUNT20CAD,20,Pre-Auth Card
603464,SUTHERLAND'S DRUGS / 5804 NWT LTD.,4910 50TH AVENUE,,YELLOWKNIFE,NT,X1A 2N5,867-873-5270,867-920-4655,frontstoremanager@sutherlandsdrugs.ca,Monique,DUANE GIRARDIN,NOGROUPCAD,0,CREDIT CARD
603673,SHOPPING UNLIMITED INC.,"812 ADELA DE LA TRAIL, BOX 856",,WATSON LAKE,YT,Y0A 1C0,867-536-2721,,shoppingunlimited18@gmail.com,Erin,DUANE GIRARDIN,NOGROUPCAD,0,Pre-Auth Card
604275,ROCANVILLE PHARMACY/LEGACY PHARMACIES,110 ELLICE STREET,BOX 123,ROCANVILLE,SK,S0A 3L0,306-645-2633,306-645-2175,pc7128fs@legacypharmacies.com,Jenna,DUANE GIRARDIN,NOGROUPCAD,0,NET 30
604456,DAWSON HARDWARE,1083 SECOND AVE,P.O. BOX 1569,DAWSON CITY,YT,Y0B 1G0,867-993-5433,,dawsonhomehardware@outlook.com,Tina Green,DUANE GIRARDIN,NOGROUPCAD,0,ADVANCE PAYMENT
604476,LEADER HARDWARE,102040198 SASKATCHEWAN LTD,"109 - 1ST AVENUE WEST, PO BOX 816",LEADER,SK,S0N 1H0,306-628-3970,,navjot.hardware@gmail.com,NAVJOT SINGH,DUANE GIRARDIN,DISCOUNT10CAD,10,ADVANCE PAYMENT
604495,PHARMASAVE BALCARRES,130 MAIN STREET,,BALCARRES,SK,S0G 0C0,306-334-2424,306-334-2539,ps447fs@legacypharmacies.com,DONNA SINCLAIR,DUANE GIRARDIN,NOGROUPCAD,0,NET 30
604521,ACE HARDWARE AIR RONGE,1020684332 SK LTD,322 HUSKY AVE,AIR RONGE,SK,S0J 3G0,306-425-4044,,ahairronge@gmail.com,Milay,DUANE GIRARDIN,DISCOUNT10CAD,10,Pre-Auth Card
604559,BOUTIQUE NORTH LTD,335 HUSKY AVE,BOX 9,AIR RONGE,SK,S0J 3G0,(306) 425-7639,,boutiquenorth01@hotmail.com,LISA CHARTIER,DUANE GIRARDIN,DISCOUNT10CAD,10,ADVANCE PAYMENT
604601,HALL LAKE GAS BAR / KEETHANOW GROUP OF BUSINESSES,PO BOX 1170,,LA RONGE,SK,S0J 1L0,306-425-5166,306-425-3416,eldon.morin@keethanowgroup.ca,ELDON MORIN,DUANE GIRARDIN,DISCOUNT15CAD,15,NET 30
604602,KEETHANOW LIQUIDATION STORE / KEETHANOW GROUP OF BUSINESSES,PO BOX 1170,,LA RONGE,SK,S0J 1L0,306-425-2082,306-425-3416,teri.mckenzie@keethanowgroup.ca,TERI MCKENZIE,DUANE GIRARDIN,DISCOUNT15CAD,15,NET 30
604603,KEETHANOW GAS BAR / KEETHANOW GROUP OF BUSINESSES,PO BOX 1170,,LA RONGE,SK,S0J 1L0,306-425-5006,306-425-3416,jon.vancoughnett@keethanowgroup.ca,JON VANCOUGHNETT,DUANE GIRARDIN,DISCOUNT15CAD,15,NET 30
604604,KEETHANOW FOOD SUPERMARKET / KEETHANOW GROUP OF BUSINESSES,PO BOX 1170,,LA RONGE,SK,S0J 1L0,306-425-5666,306-425-3416,owen.bird@keethanowgroup.ca,Owen Bird,DUANE GIRARDIN,DISCOUNT15CAD,15,NET 30
604605,KEETHANOW LUMBER & FURNITURE / KEETHANOW GROUP OF BUSINESSES,PO BOX 1170,,LA RONGE,SK,S0J 1L0,306-425-8000,306-425-3416,don.bernatchez@keethanowgroup.ca,DON BERNATCHEZ,DUANE GIRARDIN,DISCOUNT15CAD,15,NET 30
604606,SUCKER RIVER GAS BAR / KEETHANOW GROUP OF BUSINESSES/SRCS,PO BOX 1170,,LA RONGE,SK,S0J 1L0,306-425-4012,306-425-3416,eileen.roberts@keethanowgroup.ca,EILEEN ROBERTS,DUANE GIRARDIN,DISCOUNT15CAD,15,NET 30
604607,KEETHANOW CORNER STORE / KEETHANOW GROUP OF BUSINESSES,PO BOX 1170,,LA RONGE,SK,S0J 1L0,306-425-5305,306-425-3416,marvin.ballantyne@keethanowgroup.ca,BRITANY HALKETT,DUANE GIRARDIN,DISCOUNT15CAD,15,NET 30
604631,STURGEON LAKE STORE & GAS,#1 ECONOMIC LANE,,STURGEON LAKE,SK,S0J 2E1,306-764-1222,306-764-5838,sturgeonlakefinefoods@sasktel.net,MELISSA THUNDERCHILD & Robert Ermine,DUANE GIRARDIN,NOGROUPCAD,0,NET 30
604640,STANLEY MISSION GENERAL STORE / GADHIYA ENTERPRICES LTD,925 SETTEE ST STANLEY MISSION,,STANLEY MISSION,SK,S0J 1L0,306-420-4353,,chheta.chetan89@gmail.com,CHETAN PATEL,DUANE GIRARDIN,NOGROUPCAD,0,ADVANCE PAYMENT
604646,HATCHET LAKE BAND STORE / HATCHET LAKE ECONOMIC DEVELOPMENT LIMITED PARTNERSHIP,PO BOX 209,,WOLLASTON LAKE,SK,SJ 3C0,306-633-2210,306-633-2268,hlbs.dave@gmail.com,DAVE GREEN,DUANE GIRARDIN,NOGROUPCAD,0,Post Dated Cheque 30 on receipt
604672,MCMYNN BUILDING CENTRE / C.G. MCMYNN LTD,SEXTON GROUP LTD,1345 KENASTON BLVD,WINNIPEG,MB,R3P 2P2,250-442-9501,,gail_mcmynnhdwe@shaw.ca,GAIL BRYAN,DUANE GIRARDIN,DISCOUNT10CAD,10,NET 30
604852,AMACHEWESPIMAWIN COOP,10 HUNT STREET,BOX 250,STANLEY MISSION,SK,S0J 2P0,306 635 2020,306 635 2070,joegraves@amach.ca,Joe Graves,DUANE GIRARDIN,DISCOUNT10CAD,10,Pre-Auth Card
0DG,DUANE GIRARDIN,123 Great Gulf Drive,,Concord,ON,L6A 2S7,905-761-3330,,dgirardin@ctgbrands.com,,DUANE GIRARDIN,,0,ADVANCE PAYMENT
DOLCLU,DOLLAR CLUB,875 ST. CLAIR AVENUE WEST,,TORONTO,ON,M6C 1C4,416-651-4400,416-651-4400,premjagga@hotmail.com,PREM JAGGA,DUANE GIRARDIN,DISCOUNT24CAD,24,Post Dated Cheque 30 on receipt
